class,Recall,Precission,F1-Score
cap,82.1429,58.4746,68.3168626997351
tulis,71.5116,89.1304,79.35480774193549
avg/total,76.82724999999999,73.8025,73.83583522083529
