class,Recall,Precission,F1-Score
cap,81.6092,60.1695,69.26829995478869
tulis,72.1893,88.4058,79.47879876708568
avg/total,76.89925,74.28765,74.37354936093718
